{
  "formatVersion": 1,
  "nodes": [
    {
      "id": "0",
      "name": "Cam",
      "children": [],
      "components": [
        {
          "type": "Camera",
          "config": {
            "formatVersion": 1,
            "mode": "orthographic",
            "fov": 45,
            "orthographicScale": 3,
            "viewport": {
              "x": 0,
              "y": 0,
              "width": 1,
              "height": 1
            },
            "depth": 0,
            "nearClippingPlane": 0.1,
            "farClippingPlane": 1000
          },
          "id": "2"
        }
      ],
      "position": {
        "x": 0,
        "y": 0.002081463113427162,
        "z": 4
      },
      "orientation": {
        "x": 0,
        "y": 0,
        "z": 0,
        "w": 1
      },
      "scale": {
        "x": 1,
        "y": 1,
        "z": 1
      },
      "visible": true,
      "layer": 0,
      "prefab": null
    },
    {
      "id": "42",
      "name": "EMPTY",
      "children": [
        {
          "id": "23",
          "name": "Scorebar",
          "children": [
            {
              "id": "37",
              "name": "presentsTxt",
              "children": [
                {
                  "id": "36",
                  "name": "presentImg",
                  "children": [],
                  "components": [
                    {
                      "type": "SpriteRenderer",
                      "config": {
                        "formatVersion": 1,
                        "spriteAssetId": "10",
                        "animationId": "1",
                        "horizontalFlip": false,
                        "verticalFlip": false,
                        "castShadow": false,
                        "receiveShadow": false,
                        "color": "ffffff",
                        "overrideOpacity": false,
                        "opacity": null,
                        "materialType": "basic",
                        "shaderAssetId": null
                      },
                      "id": "1"
                    }
                  ],
                  "position": {
                    "x": -1.401624083518982,
                    "y": 0.22817063331604004,
                    "z": 0
                  },
                  "orientation": {
                    "x": 0,
                    "y": 0,
                    "z": 0,
                    "w": 1
                  },
                  "scale": {
                    "x": 6.999999046325684,
                    "y": 7,
                    "z": 1
                  },
                  "visible": true,
                  "layer": 0,
                  "prefab": null
                }
              ],
              "components": [
                {
                  "type": "TextRenderer",
                  "config": {
                    "formatVersion": 2,
                    "fontAssetId": "37",
                    "text": "= 0",
                    "alignment": "left",
                    "verticalAlignment": "center",
                    "size": null,
                    "color": "ffffff",
                    "overrideOpacity": false,
                    "opacity": null
                  },
                  "id": "0"
                }
              ],
              "position": {
                "x": 0.10654361406778712,
                "y": 0,
                "z": 0.011757612228393555
              },
              "orientation": {
                "x": 0,
                "y": 0,
                "z": 0,
                "w": 1
              },
              "scale": {
                "x": 0.010000000707805157,
                "y": 0.10000000149011612,
                "z": 1
              },
              "visible": true,
              "layer": 0,
              "prefab": null
            },
            {
              "id": "34",
              "name": "scoreTxt",
              "children": [
                {
                  "id": "24",
                  "name": "score",
                  "children": [],
                  "components": [
                    {
                      "type": "TextRenderer",
                      "config": {
                        "formatVersion": 2,
                        "fontAssetId": "37",
                        "text": "145",
                        "alignment": "left",
                        "verticalAlignment": "center",
                        "size": null,
                        "color": "ffffff",
                        "overrideOpacity": false,
                        "opacity": null
                      },
                      "id": "0"
                    }
                  ],
                  "position": {
                    "x": 4.716473579406738,
                    "y": 4.76837158203125e-7,
                    "z": 0
                  },
                  "orientation": {
                    "x": 0,
                    "y": 0,
                    "z": 0,
                    "w": 1
                  },
                  "scale": {
                    "x": 1,
                    "y": 1,
                    "z": 1
                  },
                  "visible": true,
                  "layer": 0,
                  "prefab": null
                }
              ],
              "components": [
                {
                  "type": "TextRenderer",
                  "config": {
                    "formatVersion": 2,
                    "fontAssetId": "37",
                    "text": "Score:",
                    "alignment": "left",
                    "verticalAlignment": "center",
                    "size": null,
                    "color": "ffffff",
                    "overrideOpacity": false,
                    "opacity": null
                  },
                  "id": "0"
                }
              ],
              "position": {
                "x": -0.145765306737502,
                "y": 0,
                "z": 0.011757612228393555
              },
              "orientation": {
                "x": 0,
                "y": 0,
                "z": 0,
                "w": 1
              },
              "scale": {
                "x": 0.010000000707805157,
                "y": 0.10000000149011612,
                "z": 1
              },
              "visible": true,
              "layer": 0,
              "prefab": null
            },
            {
              "id": "38",
              "name": "blackbar",
              "children": [],
              "components": [
                {
                  "type": "SpriteRenderer",
                  "config": {
                    "formatVersion": 1,
                    "spriteAssetId": "11",
                    "animationId": null,
                    "horizontalFlip": false,
                    "verticalFlip": false,
                    "castShadow": false,
                    "receiveShadow": false,
                    "color": "000000",
                    "overrideOpacity": true,
                    "opacity": 0,
                    "materialType": "basic",
                    "shaderAssetId": null
                  },
                  "id": "0"
                }
              ],
              "position": {
                "x": 0,
                "y": -0.15646004676818848,
                "z": 0.009160995483398438
              },
              "orientation": {
                "x": 0,
                "y": 0,
                "z": 0,
                "w": 1
              },
              "scale": {
                "x": 1,
                "y": 0.1,
                "z": 1
              },
              "visible": true,
              "layer": 0,
              "prefab": null
            },
            {
              "id": "58",
              "name": "TimerImg",
              "children": [
                {
                  "id": "59",
                  "name": "TimerText",
                  "children": [],
                  "components": [
                    {
                      "type": "TextRenderer",
                      "config": {
                        "formatVersion": 2,
                        "fontAssetId": "37",
                        "text": ": 60",
                        "alignment": "center",
                        "verticalAlignment": "center",
                        "size": 32,
                        "color": null,
                        "overrideOpacity": false,
                        "opacity": null
                      },
                      "id": "1"
                    }
                  ],
                  "position": {
                    "x": 0.3438748719358511,
                    "y": -0.020813941955566406,
                    "z": 0
                  },
                  "orientation": {
                    "x": 0,
                    "y": 0,
                    "z": 0,
                    "w": 1
                  },
                  "scale": {
                    "x": 0.15,
                    "y": 0.15,
                    "z": 1
                  },
                  "visible": true,
                  "layer": 0,
                  "prefab": null
                }
              ],
              "components": [
                {
                  "type": "SpriteRenderer",
                  "config": {
                    "formatVersion": 1,
                    "spriteAssetId": "53",
                    "animationId": null,
                    "horizontalFlip": false,
                    "verticalFlip": false,
                    "castShadow": false,
                    "receiveShadow": false,
                    "color": "ffffff",
                    "overrideOpacity": false,
                    "opacity": null,
                    "materialType": "basic",
                    "shaderAssetId": null
                  },
                  "id": "0"
                }
              ],
              "position": {
                "x": -0.011712982680096962,
                "y": 0.36906421184539795,
                "z": 0.04390835762023926
              },
              "orientation": {
                "x": 0,
                "y": 0,
                "z": 0,
                "w": 1
              },
              "scale": {
                "x": 0.08,
                "y": 0.8,
                "z": 1
              },
              "visible": true,
              "layer": 0,
              "prefab": null
            }
          ],
          "components": [
            {
              "type": "SpriteRenderer",
              "config": {
                "formatVersion": 1,
                "spriteAssetId": "11",
                "animationId": null,
                "horizontalFlip": false,
                "verticalFlip": false,
                "castShadow": false,
                "receiveShadow": false,
                "color": "008000",
                "overrideOpacity": true,
                "opacity": 0,
                "materialType": "basic",
                "shaderAssetId": null
              },
              "id": "0"
            }
          ],
          "position": {
            "x": 0.6474516987800598,
            "y": 1.741521641612053,
            "z": -0.5
          },
          "orientation": {
            "x": 0,
            "y": 0,
            "z": 0,
            "w": 1
          },
          "scale": {
            "x": 10,
            "y": 1,
            "z": 1
          },
          "visible": true,
          "layer": 0,
          "prefab": null
        },
        {
          "id": "11",
          "name": "blackScreen",
          "children": [],
          "components": [
            {
              "type": "SpriteRenderer",
              "config": {
                "formatVersion": 1,
                "spriteAssetId": "8",
                "animationId": null,
                "horizontalFlip": false,
                "verticalFlip": false,
                "castShadow": false,
                "receiveShadow": false,
                "color": "ffffff",
                "overrideOpacity": true,
                "opacity": 1,
                "materialType": "basic",
                "shaderAssetId": null
              },
              "id": "0"
            }
          ],
          "position": {
            "x": 0.6474516987800598,
            "y": 0.15042071044445038,
            "z": -0.5
          },
          "orientation": {
            "x": 0,
            "y": 0,
            "z": 0,
            "w": 1
          },
          "scale": {
            "x": 11,
            "y": 11,
            "z": 1
          },
          "visible": true,
          "layer": 0,
          "prefab": null
        },
        {
          "id": "39",
          "name": "deathScreen",
          "children": [
            {
              "id": "40",
              "name": "presentCount",
              "children": [],
              "components": [
                {
                  "type": "TextRenderer",
                  "config": {
                    "formatVersion": 2,
                    "fontAssetId": "37",
                    "text": "You've managed to save 31 presents.",
                    "alignment": "center",
                    "verticalAlignment": "center",
                    "size": null,
                    "color": null,
                    "overrideOpacity": false,
                    "opacity": null
                  },
                  "id": "0"
                }
              ],
              "position": {
                "x": 0.01600000075995922,
                "y": -0.9026448763906956,
                "z": 0
              },
              "orientation": {
                "x": 0,
                "y": 0,
                "z": 0,
                "w": 1
              },
              "scale": {
                "x": 0.2,
                "y": 0.2,
                "z": 1
              },
              "visible": true,
              "layer": 0,
              "prefab": null
            },
            {
              "id": "41",
              "name": "retryTxt",
              "children": [],
              "components": [
                {
                  "type": "TextRenderer",
                  "config": {
                    "formatVersion": 2,
                    "fontAssetId": "5",
                    "text": "PRESS SPACE TO RETRY",
                    "alignment": "center",
                    "verticalAlignment": "center",
                    "size": null,
                    "color": "000000",
                    "overrideOpacity": true,
                    "opacity": 1
                  },
                  "id": "0"
                }
              ],
              "position": {
                "x": 0.01600000075995922,
                "y": -1.2155650295317173,
                "z": 0
              },
              "orientation": {
                "x": 0,
                "y": 0,
                "z": 0,
                "w": 1
              },
              "scale": {
                "x": 0.2,
                "y": 0.2,
                "z": 1
              },
              "visible": true,
              "layer": 0,
              "prefab": null
            }
          ],
          "components": [
            {
              "type": "TextRenderer",
              "config": {
                "formatVersion": 2,
                "fontAssetId": "37",
                "text": "YOU DIED",
                "alignment": "center",
                "verticalAlignment": "center",
                "size": null,
                "color": "ffffff",
                "overrideOpacity": false,
                "opacity": null
              },
              "id": "0"
            }
          ],
          "position": {
            "x": 0.647,
            "y": 2,
            "z": -0.491
          },
          "orientation": {
            "x": 0,
            "y": 0,
            "z": 0,
            "w": 1
          },
          "scale": {
            "x": 0.25,
            "y": 0.25,
            "z": 1
          },
          "visible": true,
          "layer": 0,
          "prefab": null
        },
        {
          "id": "12",
          "name": "instructions",
          "children": [],
          "components": [
            {
              "type": "TextRenderer",
              "config": {
                "formatVersion": 2,
                "fontAssetId": "7",
                "text": "Use the arrow keys to move and collect presents!\nCollect 10 presents to go to the next level!\nWatch out for falling ornaments!",
                "alignment": "center",
                "verticalAlignment": "center",
                "size": null,
                "color": null,
                "overrideOpacity": false,
                "opacity": null
              },
              "id": "0"
            }
          ],
          "position": {
            "x": 0.6474516987800598,
            "y": -1.1652318984270096,
            "z": -3
          },
          "orientation": {
            "x": 0,
            "y": 0,
            "z": 0,
            "w": 1
          },
          "scale": {
            "x": 0.05000000074505806,
            "y": 0.05000000447034836,
            "z": 1
          },
          "visible": true,
          "layer": 0,
          "prefab": null
        },
        {
          "id": "44",
          "name": "PresentParent",
          "children": [],
          "components": [],
          "position": {
            "x": 1.490457832813263,
            "y": 0.24733637273311615,
            "z": 0
          },
          "orientation": {
            "x": 0,
            "y": 0,
            "z": 0,
            "w": 1
          },
          "scale": {
            "x": 1,
            "y": 1,
            "z": 1
          },
          "visible": true,
          "layer": 0,
          "prefab": null
        },
        {
          "id": "45",
          "name": "LevelBanner",
          "children": [
            {
              "id": "46",
              "name": "bannerTxt",
              "children": [],
              "components": [
                {
                  "type": "TextRenderer",
                  "config": {
                    "formatVersion": 2,
                    "fontAssetId": "37",
                    "text": "Level 1",
                    "alignment": "center",
                    "verticalAlignment": "center",
                    "size": null,
                    "color": "000000",
                    "overrideOpacity": false,
                    "opacity": null
                  },
                  "id": "0"
                }
              ],
              "position": {
                "x": -0.10599994659423828,
                "y": 0.007805556058883667,
                "z": 0.008359193801879883
              },
              "orientation": {
                "x": 0,
                "y": 0,
                "z": 0,
                "w": 1
              },
              "scale": {
                "x": 0.075,
                "y": 0.075,
                "z": 1
              },
              "visible": true,
              "layer": 0,
              "prefab": null
            },
            {
              "id": "51",
              "name": "Santa",
              "children": [],
              "components": [
                {
                  "type": "SpriteRenderer",
                  "config": {
                    "formatVersion": 1,
                    "spriteAssetId": "40",
                    "animationId": null,
                    "horizontalFlip": false,
                    "verticalFlip": false,
                    "castShadow": false,
                    "receiveShadow": false,
                    "color": "ffffff",
                    "overrideOpacity": false,
                    "opacity": null,
                    "materialType": "basic",
                    "shaderAssetId": null
                  },
                  "id": "0"
                }
              ],
              "position": {
                "x": 0.646294355392456,
                "y": 0.07241764664649963,
                "z": 0
              },
              "orientation": {
                "x": 0,
                "y": 0,
                "z": 0,
                "w": 1
              },
              "scale": {
                "x": 0.75,
                "y": 0.75,
                "z": 1
              },
              "visible": true,
              "layer": 0,
              "prefab": null
            }
          ],
          "components": [
            {
              "type": "SpriteRenderer",
              "config": {
                "formatVersion": 1,
                "spriteAssetId": "36",
                "animationId": "0",
                "horizontalFlip": false,
                "verticalFlip": false,
                "castShadow": false,
                "receiveShadow": false,
                "color": "ffffff",
                "overrideOpacity": false,
                "opacity": null,
                "materialType": "basic",
                "shaderAssetId": null
              },
              "id": "0"
            }
          ],
          "position": {
            "x": -3.028634250164032,
            "y": 1.0213153213262558,
            "z": -0.5190136432647705
          },
          "orientation": {
            "x": 0,
            "y": 0,
            "z": 0,
            "w": 1
          },
          "scale": {
            "x": 2,
            "y": 2,
            "z": 1
          },
          "visible": true,
          "layer": 0,
          "prefab": null
        },
        {
          "id": "47",
          "name": "gapcatch",
          "children": [],
          "components": [
            {
              "type": "SpriteRenderer",
              "config": {
                "formatVersion": 1,
                "spriteAssetId": "8",
                "animationId": null,
                "horizontalFlip": false,
                "verticalFlip": false,
                "castShadow": false,
                "receiveShadow": false,
                "color": "115511",
                "overrideOpacity": false,
                "opacity": null,
                "materialType": "basic",
                "shaderAssetId": null
              },
              "id": "0"
            }
          ],
          "position": {
            "x": 0.6474516987800598,
            "y": 0.1084207147359848,
            "z": -3.9951159190386534
          },
          "orientation": {
            "x": 0,
            "y": 0,
            "z": 0,
            "w": 1
          },
          "scale": {
            "x": 5.924510955810547,
            "y": 10,
            "z": 1
          },
          "visible": false,
          "layer": 0,
          "prefab": null
        },
        {
          "id": "48",
          "name": "Buttons",
          "children": [
            {
              "id": "49",
              "name": "musicButton",
              "children": [],
              "components": [
                {
                  "type": "SpriteRenderer",
                  "config": {
                    "formatVersion": 1,
                    "spriteAssetId": "38",
                    "animationId": "2",
                    "horizontalFlip": false,
                    "verticalFlip": false,
                    "castShadow": false,
                    "receiveShadow": false,
                    "color": "ffffff",
                    "overrideOpacity": false,
                    "opacity": null,
                    "materialType": "basic",
                    "shaderAssetId": null
                  },
                  "id": "0"
                },
                {
                  "type": "Behavior",
                  "config": {
                    "behaviorName": "MenuButtonsBehavior",
                    "propertyValues": {
                      "idleanimation": {
                        "type": "string",
                        "value": "musicI"
                      },
                      "clickanimation": {
                        "type": "string",
                        "value": "Music"
                      },
                      "hoveranimation": {
                        "type": "string",
                        "value": "MUSIC"
                      }
                    }
                  },
                  "id": "2"
                }
              ],
              "position": {
                "x": 0.375,
                "y": 0,
                "z": 0
              },
              "orientation": {
                "x": 0,
                "y": 0,
                "z": 0,
                "w": 1
              },
              "scale": {
                "x": 2,
                "y": 2,
                "z": 1
              },
              "visible": true,
              "layer": 0,
              "prefab": null
            },
            {
              "id": "50",
              "name": "playButton",
              "children": [],
              "components": [
                {
                  "type": "SpriteRenderer",
                  "config": {
                    "formatVersion": 1,
                    "spriteAssetId": "38",
                    "animationId": "0",
                    "horizontalFlip": false,
                    "verticalFlip": false,
                    "castShadow": false,
                    "receiveShadow": false,
                    "color": "ffffff",
                    "overrideOpacity": false,
                    "opacity": null,
                    "materialType": "basic",
                    "shaderAssetId": null
                  },
                  "id": "0"
                },
                {
                  "type": "Behavior",
                  "config": {
                    "behaviorName": "MenuButtonsBehavior",
                    "propertyValues": {
                      "animation": {
                        "type": "string",
                        "value": "PLAY"
                      },
                      "idleanimation": {
                        "type": "string",
                        "value": "playI"
                      },
                      "clickanimation": {
                        "type": "string",
                        "value": "Play"
                      },
                      "hoveranimation": {
                        "type": "string",
                        "value": "PLAY"
                      }
                    }
                  },
                  "id": "1"
                }
              ],
              "position": {
                "x": -0.37491023540496826,
                "y": 0,
                "z": 0
              },
              "orientation": {
                "x": 0,
                "y": 0,
                "z": 0,
                "w": 1
              },
              "scale": {
                "x": 2,
                "y": 2,
                "z": 1
              },
              "visible": true,
              "layer": 0,
              "prefab": null
            }
          ],
          "components": [],
          "position": {
            "x": 0.6470000147819519,
            "y": -0.02809976041316986,
            "z": -0.9570000171661377
          },
          "orientation": {
            "x": 0,
            "y": 0,
            "z": 0,
            "w": 1
          },
          "scale": {
            "x": 1,
            "y": 1,
            "z": 1
          },
          "visible": true,
          "layer": 0,
          "prefab": null
        },
        {
          "id": "53",
          "name": "settingsScreen",
          "children": [
            {
              "id": "54",
              "name": "sfxText",
              "children": [
                {
                  "id": "55",
                  "name": "sfxButtonCheck",
                  "children": [],
                  "components": [
                    {
                      "type": "SpriteRenderer",
                      "config": {
                        "formatVersion": 1,
                        "spriteAssetId": "44",
                        "animationId": "1",
                        "horizontalFlip": false,
                        "verticalFlip": false,
                        "castShadow": false,
                        "receiveShadow": false,
                        "color": "ffffff",
                        "overrideOpacity": false,
                        "opacity": null,
                        "materialType": "basic",
                        "shaderAssetId": null
                      },
                      "id": "0"
                    }
                  ],
                  "position": {
                    "x": 1.8427162170410156,
                    "y": -4.2008701939266757e-7,
                    "z": 0
                  },
                  "orientation": {
                    "x": 0,
                    "y": 0,
                    "z": 0,
                    "w": 1
                  },
                  "scale": {
                    "x": 15,
                    "y": 15,
                    "z": 1
                  },
                  "visible": true,
                  "layer": 0,
                  "prefab": null
                }
              ],
              "components": [
                {
                  "type": "TextRenderer",
                  "config": {
                    "formatVersion": 2,
                    "fontAssetId": "37",
                    "text": "SOUND:",
                    "alignment": "right",
                    "verticalAlignment": "center",
                    "size": null,
                    "color": null,
                    "overrideOpacity": false,
                    "opacity": null
                  },
                  "id": "0"
                }
              ],
              "position": {
                "x": 0.11224477738142014,
                "y": 0,
                "z": 0
              },
              "orientation": {
                "x": 0,
                "y": 0,
                "z": 0,
                "w": 1
              },
              "scale": {
                "x": 0.075,
                "y": 0.075,
                "z": 1
              },
              "visible": true,
              "layer": 0,
              "prefab": null
            },
            {
              "id": "56",
              "name": "musicText",
              "children": [
                {
                  "id": "57",
                  "name": "musicButtonCheck",
                  "children": [],
                  "components": [
                    {
                      "type": "SpriteRenderer",
                      "config": {
                        "formatVersion": 1,
                        "spriteAssetId": "44",
                        "animationId": "1",
                        "horizontalFlip": false,
                        "verticalFlip": false,
                        "castShadow": false,
                        "receiveShadow": false,
                        "color": "ffffff",
                        "overrideOpacity": false,
                        "opacity": null,
                        "materialType": "basic",
                        "shaderAssetId": null
                      },
                      "id": "0"
                    }
                  ],
                  "position": {
                    "x": 1.9239187240600586,
                    "y": -1.8659210354599054e-7,
                    "z": 0
                  },
                  "orientation": {
                    "x": 0,
                    "y": 0,
                    "z": 0,
                    "w": 1
                  },
                  "scale": {
                    "x": 15,
                    "y": 15,
                    "z": 1
                  },
                  "visible": true,
                  "layer": 0,
                  "prefab": null
                }
              ],
              "components": [
                {
                  "type": "TextRenderer",
                  "config": {
                    "formatVersion": 2,
                    "fontAssetId": "37",
                    "text": "MUSIC:",
                    "alignment": "right",
                    "verticalAlignment": "center",
                    "size": null,
                    "color": null,
                    "overrideOpacity": false,
                    "opacity": null
                  },
                  "id": "0"
                }
              ],
              "position": {
                "x": 0.10638584941625595,
                "y": -0.23451152443885803,
                "z": 0
              },
              "orientation": {
                "x": 0,
                "y": 0,
                "z": 0,
                "w": 1
              },
              "scale": {
                "x": 0.07500000298023224,
                "y": 0.07500000298023224,
                "z": 1
              },
              "visible": true,
              "layer": 0,
              "prefab": null
            }
          ],
          "components": [],
          "position": {
            "x": -1.3668157458305359,
            "y": -0.02809976041316986,
            "z": -0.9570000171661377
          },
          "orientation": {
            "x": 0,
            "y": 0,
            "z": 0,
            "w": 1
          },
          "scale": {
            "x": 1,
            "y": 1,
            "z": 1
          },
          "visible": true,
          "layer": 0,
          "prefab": null
        }
      ],
      "components": [],
      "position": {
        "x": -0.6474516987800598,
        "y": -0.15042071044445038,
        "z": 4
      },
      "orientation": {
        "x": 0,
        "y": 0,
        "z": 0,
        "w": 1
      },
      "scale": {
        "x": 1,
        "y": 1,
        "z": 1
      },
      "visible": true,
      "layer": 0,
      "prefab": null
    },
    {
      "id": "1",
      "name": "Map",
      "children": [],
      "components": [
        {
          "type": "SpriteRenderer",
          "config": {
            "formatVersion": 1,
            "spriteAssetId": "11",
            "animationId": null,
            "horizontalFlip": false,
            "verticalFlip": false,
            "castShadow": false,
            "receiveShadow": false,
            "color": "ff0000",
            "overrideOpacity": false,
            "opacity": null,
            "materialType": "basic",
            "shaderAssetId": null
          },
          "id": "0"
        }
      ],
      "position": {
        "x": 0,
        "y": 0,
        "z": 0
      },
      "orientation": {
        "x": 0,
        "y": 0,
        "z": 0,
        "w": 1
      },
      "scale": {
        "x": 10,
        "y": 10,
        "z": 1
      },
      "visible": true,
      "layer": 0,
      "prefab": null
    },
    {
      "id": "2",
      "name": "Player",
      "children": [],
      "components": [
        {
          "type": "SpriteRenderer",
          "config": {
            "formatVersion": 1,
            "spriteAssetId": "52",
            "animationId": "",
            "horizontalFlip": false,
            "verticalFlip": false,
            "castShadow": false,
            "receiveShadow": false,
            "color": "ffffff",
            "overrideOpacity": false,
            "opacity": null,
            "materialType": "basic",
            "shaderAssetId": null
          },
          "id": "0"
        },
        {
          "type": "Behavior",
          "config": {
            "behaviorName": "PlayerBehavior",
            "propertyValues": {}
          },
          "id": "1"
        }
      ],
      "position": {
        "x": 0,
        "y": -1,
        "z": 3.001
      },
      "orientation": {
        "x": 0,
        "y": 0,
        "z": 0,
        "w": 1
      },
      "scale": {
        "x": 1,
        "y": 1,
        "z": 1
      },
      "visible": true,
      "layer": 0,
      "prefab": null
    },
    {
      "id": "6",
      "name": "Title",
      "children": [
        {
          "id": "7",
          "name": "sub title",
          "children": [],
          "components": [
            {
              "type": "TextRenderer",
              "config": {
                "formatVersion": 2,
                "fontAssetId": "7",
                "text": "A game made in superpowers",
                "alignment": "center",
                "verticalAlignment": "center",
                "size": null,
                "color": "ffffff",
                "overrideOpacity": false,
                "opacity": null
              },
              "id": "0"
            }
          ],
          "position": {
            "x": 0,
            "y": -0.9515688419342041,
            "z": 0
          },
          "orientation": {
            "x": 0,
            "y": 0,
            "z": 0,
            "w": 1
          },
          "scale": {
            "x": 0.25,
            "y": 0.25,
            "z": 1
          },
          "visible": true,
          "layer": 0,
          "prefab": null
        },
        {
          "id": "9",
          "name": "pressspace",
          "children": [],
          "components": [
            {
              "type": "TextRenderer",
              "config": {
                "formatVersion": 2,
                "fontAssetId": "7",
                "text": "press space",
                "alignment": "center",
                "verticalAlignment": "center",
                "size": null,
                "color": "000000",
                "overrideOpacity": true,
                "opacity": 0
              },
              "id": "0"
            }
          ],
          "position": {
            "x": 0,
            "y": -1.4083213806152344,
            "z": 0
          },
          "orientation": {
            "x": 0,
            "y": 0,
            "z": 0,
            "w": 1
          },
          "scale": {
            "x": 0.2,
            "y": 0.2,
            "z": 1
          },
          "visible": true,
          "layer": 0,
          "prefab": null
        },
        {
          "id": "8",
          "name": "background",
          "children": [],
          "components": [
            {
              "type": "SpriteRenderer",
              "config": {
                "formatVersion": 1,
                "spriteAssetId": "8",
                "animationId": null,
                "horizontalFlip": false,
                "verticalFlip": false,
                "castShadow": false,
                "receiveShadow": false,
                "color": "008000",
                "overrideOpacity": false,
                "opacity": null,
                "materialType": "basic",
                "shaderAssetId": null
              },
              "id": "0"
            }
          ],
          "position": {
            "x": 0,
            "y": -0.4060022830963135,
            "z": -0.028751075267791748
          },
          "orientation": {
            "x": 0,
            "y": 0,
            "z": 0,
            "w": 1
          },
          "scale": {
            "x": 50,
            "y": 10,
            "z": 1
          },
          "visible": true,
          "layer": 0,
          "prefab": null
        },
        {
          "id": "13",
          "name": "Present",
          "children": [],
          "components": [
            {
              "type": "SpriteRenderer",
              "config": {
                "formatVersion": 1,
                "spriteAssetId": "10",
                "animationId": "0",
                "horizontalFlip": false,
                "verticalFlip": false,
                "castShadow": false,
                "receiveShadow": false,
                "color": "ffffff",
                "overrideOpacity": false,
                "opacity": null,
                "materialType": "basic",
                "shaderAssetId": null
              },
              "id": "0"
            }
          ],
          "position": {
            "x": -4.694403171539307,
            "y": -0.126875638961792,
            "z": 0
          },
          "orientation": {
            "x": 0,
            "y": 0,
            "z": 0.17788896301085425,
            "w": 0.9840505610275084
          },
          "scale": {
            "x": 5,
            "y": 5,
            "z": 1
          },
          "visible": true,
          "layer": 0,
          "prefab": null
        },
        {
          "id": "16",
          "name": "Present4",
          "children": [],
          "components": [
            {
              "type": "SpriteRenderer",
              "config": {
                "formatVersion": 1,
                "spriteAssetId": "10",
                "animationId": "5",
                "horizontalFlip": false,
                "verticalFlip": false,
                "castShadow": false,
                "receiveShadow": false,
                "color": "ffffff",
                "overrideOpacity": false,
                "opacity": null,
                "materialType": "basic",
                "shaderAssetId": null
              },
              "id": "0"
            }
          ],
          "position": {
            "x": -5.557158946990967,
            "y": 0.7105052471160889,
            "z": 0
          },
          "orientation": {
            "x": 0,
            "y": 0,
            "z": -0.19044685486202909,
            "w": 0.9816975131933713
          },
          "scale": {
            "x": 2.5,
            "y": 2.5,
            "z": 1
          },
          "visible": true,
          "layer": 0,
          "prefab": null
        },
        {
          "id": "14",
          "name": "Present2",
          "children": [],
          "components": [
            {
              "type": "SpriteRenderer",
              "config": {
                "formatVersion": 1,
                "spriteAssetId": "10",
                "animationId": "2",
                "horizontalFlip": false,
                "verticalFlip": false,
                "castShadow": false,
                "receiveShadow": false,
                "color": "ffffff",
                "overrideOpacity": false,
                "opacity": null,
                "materialType": "basic",
                "shaderAssetId": null
              },
              "id": "0"
            }
          ],
          "position": {
            "x": 4.516777992248535,
            "y": -0.126875638961792,
            "z": 0
          },
          "orientation": {
            "x": 0,
            "y": 0,
            "z": -0.16789430104469247,
            "w": 0.9858050026105166
          },
          "scale": {
            "x": 5,
            "y": 5,
            "z": 1
          },
          "visible": true,
          "layer": 0,
          "prefab": null
        },
        {
          "id": "15",
          "name": "Present3",
          "children": [],
          "components": [
            {
              "type": "SpriteRenderer",
              "config": {
                "formatVersion": 1,
                "spriteAssetId": "10",
                "animationId": "1",
                "horizontalFlip": false,
                "verticalFlip": false,
                "castShadow": false,
                "receiveShadow": false,
                "color": "ffffff",
                "overrideOpacity": false,
                "opacity": null,
                "materialType": "basic",
                "shaderAssetId": null
              },
              "id": "0"
            }
          ],
          "position": {
            "x": 5.481034278869629,
            "y": 0.6851303577423096,
            "z": 0
          },
          "orientation": {
            "x": 0,
            "y": 0,
            "z": 0.13999530210999386,
            "w": 0.990152163732644
          },
          "scale": {
            "x": 2.5,
            "y": 2.5,
            "z": 1
          },
          "visible": true,
          "layer": 0,
          "prefab": null
        },
        {
          "id": "17",
          "name": "Present5",
          "children": [],
          "components": [
            {
              "type": "SpriteRenderer",
              "config": {
                "formatVersion": 1,
                "spriteAssetId": "10",
                "animationId": "4",
                "horizontalFlip": false,
                "verticalFlip": false,
                "castShadow": false,
                "receiveShadow": false,
                "color": "ffffff",
                "overrideOpacity": false,
                "opacity": null,
                "materialType": "basic",
                "shaderAssetId": null
              },
              "id": "0"
            }
          ],
          "position": {
            "x": 3.87958025932312,
            "y": -1.4379236698150635,
            "z": 0
          },
          "orientation": {
            "x": 0,
            "y": 0,
            "z": 0.3308684864259701,
            "w": 0.9436768812944781
          },
          "scale": {
            "x": 2,
            "y": 2,
            "z": 1
          },
          "visible": true,
          "layer": 0,
          "prefab": null
        },
        {
          "id": "18",
          "name": "Present6",
          "children": [],
          "components": [
            {
              "type": "SpriteRenderer",
              "config": {
                "formatVersion": 1,
                "spriteAssetId": "10",
                "animationId": "3",
                "horizontalFlip": false,
                "verticalFlip": false,
                "castShadow": false,
                "receiveShadow": false,
                "color": "ffffff",
                "overrideOpacity": false,
                "opacity": null,
                "materialType": "basic",
                "shaderAssetId": null
              },
              "id": "0"
            }
          ],
          "position": {
            "x": -3.9867172241210938,
            "y": -1.4379236698150635,
            "z": 0
          },
          "orientation": {
            "x": 0,
            "y": 0,
            "z": -0.07260408193763532,
            "w": 0.997360844741276
          },
          "scale": {
            "x": 2,
            "y": 2,
            "z": 1
          },
          "visible": true,
          "layer": 0,
          "prefab": null
        }
      ],
      "components": [
        {
          "type": "TextRenderer",
          "config": {
            "formatVersion": 2,
            "fontAssetId": "7",
            "text": "Elf Rush",
            "alignment": "center",
            "verticalAlignment": "center",
            "size": null,
            "color": null,
            "overrideOpacity": false,
            "opacity": null
          },
          "id": "0"
        }
      ],
      "position": {
        "x": 0,
        "y": 1,
        "z": 1
      },
      "orientation": {
        "x": 0,
        "y": 0,
        "z": 0,
        "w": 1
      },
      "scale": {
        "x": 0.25,
        "y": 0.25,
        "z": 1
      },
      "visible": true,
      "layer": 0,
      "prefab": null
    },
    {
      "id": "10",
      "name": "Game Manager",
      "children": [],
      "components": [
        {
          "type": "Behavior",
          "config": {
            "behaviorName": "GameManagerBehavior",
            "propertyValues": {
              "fadeSpeed": {
                "type": "number",
                "value": 0.05
              },
              "menuState": {
                "type": "string",
                "value": "black"
              },
              "autoStart": {
                "type": "boolean",
                "value": true
              }
            }
          },
          "id": "0"
        }
      ],
      "position": {
        "x": 0.041142258793115616,
        "y": -0.08192755281925201,
        "z": -4.667425632476807
      },
      "orientation": {
        "x": 0,
        "y": 0,
        "z": 0,
        "w": 1
      },
      "scale": {
        "x": 1,
        "y": 1,
        "z": 1
      },
      "visible": true,
      "layer": 0,
      "prefab": null
    },
    {
      "id": "19",
      "name": "Tree",
      "children": [],
      "components": [
        {
          "type": "Behavior",
          "config": {
            "behaviorName": "TreeManagerBehavior",
            "propertyValues": {}
          },
          "id": "0"
        }
      ],
      "position": {
        "x": 0,
        "y": 2.308030843734741,
        "z": 2
      },
      "orientation": {
        "x": 0,
        "y": 0,
        "z": 0,
        "w": 1
      },
      "scale": {
        "x": 2.5,
        "y": 2.5,
        "z": 1
      },
      "visible": true,
      "layer": 0,
      "prefab": null
    },
    {
      "id": "29",
      "name": "treespawn",
      "children": [],
      "components": [],
      "position": {
        "x": 0,
        "y": 2.5,
        "z": 2
      },
      "orientation": {
        "x": 0,
        "y": 0,
        "z": 0,
        "w": 1
      },
      "scale": {
        "x": 2.5,
        "y": 2.5,
        "z": 1
      },
      "visible": true,
      "layer": 0,
      "prefab": null
    },
    {
      "id": "31",
      "name": "LvlManager",
      "children": [],
      "components": [
        {
          "type": "Behavior",
          "config": {
            "behaviorName": "LvlManagerBehavior",
            "propertyValues": {}
          },
          "id": "0"
        }
      ],
      "position": {
        "x": 0,
        "y": 2.5,
        "z": 3
      },
      "orientation": {
        "x": 0,
        "y": 0,
        "z": 0,
        "w": 1
      },
      "scale": {
        "x": 2.5,
        "y": 2.5,
        "z": 1
      },
      "visible": true,
      "layer": 0,
      "prefab": null
    },
    {
      "id": "30",
      "name": "trunkspawn",
      "children": [],
      "components": [],
      "position": {
        "x": 0,
        "y": 2.2213056087493896,
        "z": 2
      },
      "orientation": {
        "x": 0,
        "y": 0,
        "z": 0,
        "w": 1
      },
      "scale": {
        "x": 2.5,
        "y": 2.5,
        "z": 1
      },
      "visible": true,
      "layer": 0,
      "prefab": null
    },
    {
      "id": "32",
      "name": "Menu",
      "children": [
        {
          "id": "33",
          "name": "Options",
          "children": [],
          "components": [],
          "position": {
            "x": 0,
            "y": 0,
            "z": 0
          },
          "orientation": {
            "x": 0,
            "y": 0,
            "z": 0,
            "w": 1
          },
          "scale": {
            "x": 1,
            "y": 1,
            "z": 1
          },
          "visible": true,
          "layer": 0,
          "prefab": null
        }
      ],
      "components": [],
      "position": {
        "x": -0.01546675618737936,
        "y": -0.18871891498565674,
        "z": -3.6323513984680176
      },
      "orientation": {
        "x": 0,
        "y": 0,
        "z": 0,
        "w": 1
      },
      "scale": {
        "x": 1,
        "y": 1,
        "z": 1
      },
      "visible": true,
      "layer": 0,
      "prefab": null
    },
    {
      "id": "52",
      "name": "SoundManager",
      "children": [],
      "components": [
        {
          "type": "Behavior",
          "config": {
            "behaviorName": "SoundManagerBehavior",
            "propertyValues": {}
          },
          "id": "0"
        }
      ],
      "position": {
        "x": 0,
        "y": 0,
        "z": 0
      },
      "orientation": {
        "x": 0,
        "y": 0,
        "z": 0,
        "w": 1
      },
      "scale": {
        "x": 1,
        "y": 1,
        "z": 1
      },
      "visible": true,
      "layer": 0,
      "prefab": null
    }
  ]
}