{
  "formatVersion": 1,
  "nodes": [
    {
      "id": "0",
      "name": "Score",
      "children": [],
      "components": [
        {
          "type": "TextRenderer",
          "config": {
            "formatVersion": 2,
            "fontAssetId": "37",
            "text": "+50",
            "alignment": "center",
            "verticalAlignment": "center",
            "size": null,
            "color": "ffffff",
            "overrideOpacity": true,
            "opacity": 1
          },
          "id": "0"
        },
        {
          "type": "Behavior",
          "config": {
            "behaviorName": "ScoreBehavior",
            "propertyValues": {}
          },
          "id": "1"
        }
      ],
      "position": {
        "x": 0,
        "y": 0,
        "z": 0
      },
      "orientation": {
        "x": 0,
        "y": 0,
        "z": 0,
        "w": 1
      },
      "scale": {
        "x": 0.1,
        "y": 0.1,
        "z": 1
      },
      "visible": true,
      "layer": 0,
      "prefab": null
    }
  ]
}