{
  "formatVersion": 3,
  "maps": [
    "map"
  ],
  "filtering": "pixelated",
  "wrapping": "clampToEdge",
  "pixelsPerUnit": 100,
  "framesPerSecond": 10,
  "opacity": null,
  "alphaTest": 0.1,
  "frameOrder": "rows",
  "grid": {
    "width": 120,
    "height": 40
  },
  "origin": {
    "x": 0.5,
    "y": 0.5
  },
  "animations": [
    {
      "id": "0",
      "name": "Trunk",
      "startFrameIndex": 0,
      "endFrameIndex": 0,
      "speed": 1
    },
    {
      "id": "1",
      "name": "1",
      "startFrameIndex": 1,
      "endFrameIndex": 1,
      "speed": 1
    }
  ],
  "mapSlots": {
    "map": "map",
    "light": null,
    "specular": null,
    "alpha": null,
    "normal": null
  }
}