{
  "formatVersion": 3,
  "maps": [
    "map"
  ],
  "filtering": "pixelated",
  "wrapping": "clampToEdge",
  "pixelsPerUnit": 100,
  "framesPerSecond": 10,
  "opacity": null,
  "alphaTest": 0.1,
  "frameOrder": "rows",
  "grid": {
    "width": 32,
    "height": 32
  },
  "origin": {
    "x": 0.5,
    "y": 0.5
  },
  "animations": [
    {
      "id": "0",
      "name": "1",
      "startFrameIndex": 0,
      "endFrameIndex": 0,
      "speed": 1
    },
    {
      "id": "1",
      "name": "2",
      "startFrameIndex": 1,
      "endFrameIndex": 1,
      "speed": 1
    },
    {
      "id": "2",
      "name": "3",
      "startFrameIndex": 2,
      "endFrameIndex": 2,
      "speed": 1
    },
    {
      "id": "3",
      "name": "4",
      "startFrameIndex": 3,
      "endFrameIndex": 3,
      "speed": 1
    },
    {
      "id": "4",
      "name": "5",
      "startFrameIndex": 4,
      "endFrameIndex": 4,
      "speed": 1
    },
    {
      "id": "5",
      "name": "6",
      "startFrameIndex": 5,
      "endFrameIndex": 5,
      "speed": 1
    },
    {
      "id": "6",
      "name": "7",
      "startFrameIndex": 6,
      "endFrameIndex": 6,
      "speed": 1
    },
    {
      "id": "7",
      "name": "8",
      "startFrameIndex": 7,
      "endFrameIndex": 7,
      "speed": 1
    },
    {
      "id": "8",
      "name": "9",
      "startFrameIndex": 8,
      "endFrameIndex": 8,
      "speed": 1
    },
    {
      "id": "9",
      "name": "10",
      "startFrameIndex": 9,
      "endFrameIndex": 9,
      "speed": 1
    },
    {
      "id": "10",
      "name": "11",
      "startFrameIndex": 10,
      "endFrameIndex": 10,
      "speed": 1
    },
    {
      "id": "11",
      "name": "12",
      "startFrameIndex": 11,
      "endFrameIndex": 11,
      "speed": 1
    },
    {
      "id": "12",
      "name": "13",
      "startFrameIndex": 12,
      "endFrameIndex": 12,
      "speed": 1
    },
    {
      "id": "13",
      "name": "14",
      "startFrameIndex": 13,
      "endFrameIndex": 13,
      "speed": 1
    }
  ],
  "mapSlots": {
    "map": "map",
    "light": null,
    "specular": null,
    "alpha": null,
    "normal": null
  }
}