{
  "formatVersion": 1,
  "nodes": [
    {
      "id": "0",
      "name": "Present",
      "children": [],
      "components": [
        {
          "type": "SpriteRenderer",
          "config": {
            "formatVersion": 1,
            "spriteAssetId": "10",
            "animationId": "1",
            "horizontalFlip": false,
            "verticalFlip": false,
            "castShadow": false,
            "receiveShadow": false,
            "color": "ffffff",
            "overrideOpacity": false,
            "opacity": null,
            "materialType": "basic",
            "shaderAssetId": null
          },
          "id": "0"
        },
        {
          "type": "Behavior",
          "config": {
            "behaviorName": "PresentBehavior",
            "propertyValues": {}
          },
          "id": "1"
        },
        {
          "type": "ArcadeBody2D",
          "config": {
            "formatVersion": 2,
            "type": "box",
            "movable": false,
            "width": 0.25,
            "height": 0.25,
            "offset": {
              "x": 0,
              "y": 0
            },
            "bounce": {
              "x": 0,
              "y": 0
            },
            "tileMapAssetId": null,
            "tileSetPropertyName": null,
            "layersIndex": null
          },
          "id": "2"
        }
      ],
      "position": {
        "x": 0,
        "y": 0,
        "z": 0
      },
      "orientation": {
        "x": 0,
        "y": 0,
        "z": 0,
        "w": 1
      },
      "scale": {
        "x": 1,
        "y": 1,
        "z": 1
      },
      "visible": true,
      "layer": 0,
      "prefab": null
    }
  ]
}