{"behaviors":{"PlayerBehavior":{"scriptId":"3","line":0,"parentBehavior":null,"properties":[{"name":"state","type":"string"},{"name":"moving","type":"string"},{"name":"timer","type":"number"},{"name":"movCount","type":"number"},{"name":"laneNum","type":"number"}]},"GameManagerBehavior":{"scriptId":"9","line":0,"parentBehavior":null,"properties":[{"name":"fadeSpeed","type":"number"},{"name":"playerEnabled","type":"boolean"},{"name":"startFade","type":"boolean"},{"name":"retryFade","type":"boolean"},{"name":"inORout","type":"boolean"},{"name":"inORoutFADE","type":"boolean"},{"name":"showdeadScreen","type":"boolean"},{"name":"gameFadeIN","type":"boolean"},{"name":"gameStart","type":"boolean"},{"name":"autoStart","type":"boolean"},{"name":"menuState","type":"string"},{"name":"gameStarted","type":"boolean"},{"name":"score","type":"number"},{"name":"presents","type":"number"},{"name":"timer","type":"number"},{"name":"gameTIME","type":"number"},{"name":"gameSeconds","type":"number"}]},"TreeManagerBehavior":{"scriptId":"16","line":0,"parentBehavior":null,"properties":[{"name":"timer","type":"number"},{"name":"gamestart","type":"boolean"},{"name":"spawnedtrunk","type":"boolean"},{"name":"spawnedgapcatch","type":"boolean"},{"name":"gameTimer","type":"number"},{"name":"slowTimer","type":"number"},{"name":"frameCOUNTER","type":"number"},{"name":"levelTargetSpeed","type":"number"},{"name":"speedLEVEL","type":"number"},{"name":"speed","type":"number"}]},"BranchBehavior":{"scriptId":"17","line":0,"parentBehavior":null,"properties":[{"name":"timer","type":"number"},{"name":"speed","type":"number"}]},"PresentBehavior":{"scriptId":"23","line":0,"parentBehavior":null,"properties":[{"name":"position","type":"Sup.Math.Vector3"},{"name":"timer","type":"number"},{"name":"randomNUM","type":"number"},{"name":"collected","type":"boolean"},{"name":"animTimer","type":"number"},{"name":"scale","type":"number"},{"name":"speed","type":"number"},{"name":"currentspeed","type":"number"}]},"LvlManagerBehavior":{"scriptId":"24","line":0,"parentBehavior":null,"properties":[{"name":"timer","type":"number"},{"name":"gameStart","type":"boolean"},{"name":"ornamentsSpawned","type":"number"},{"name":"presentsSpawned","type":"number"},{"name":"presentsCollected","type":"number"},{"name":"rNUMO","type":"number"},{"name":"rNUMP","type":"number"},{"name":"shouldBanner","type":"boolean"},{"name":"speed","type":"number"}]},"ScoreBehavior":{"scriptId":"26","line":0,"parentBehavior":null,"properties":[{"name":"timer","type":"number"}]},"OrnamentBehavior":{"scriptId":"30","line":0,"parentBehavior":null,"properties":[{"name":"position","type":"Sup.Math.Vector3"},{"name":"timer","type":"number"},{"name":"randomNUM","type":"number"},{"name":"firedRay","type":"boolean"},{"name":"speed","type":"number"}]},"SplashScreenBehavior":{"scriptId":"34","line":0,"parentBehavior":null,"properties":[{"name":"fadeSpeed","type":"number"},{"name":"timer","type":"number"}]},"ObstacleDestroyedBehavior":{"scriptId":"35","line":0,"parentBehavior":null,"properties":[]},"MenuButtonsBehavior":{"scriptId":"39","line":0,"parentBehavior":null,"properties":[{"name":"idleanimation","type":"string"},{"name":"clickanimation","type":"string"},{"name":"hoveranimation","type":"string"}]},"SoundManagerBehavior":{"scriptId":"43","line":0,"parentBehavior":null,"properties":[{"name":"sfxSOUND","type":"boolean"},{"name":"musicSOUND","type":"boolean"}]},"LightBehavior":{"scriptId":"48","line":0,"parentBehavior":null,"properties":[{"name":"timer","type":"number"}]},"TimerBehavior":{"scriptId":"55","line":0,"parentBehavior":null,"properties":[{"name":"position","type":"Sup.Math.Vector3"},{"name":"timer","type":"number"},{"name":"randomNUM","type":"number"},{"name":"firedRay","type":"boolean"},{"name":"collected","type":"boolean"},{"name":"scale","type":"number"},{"name":"speed","type":"number"}]}}}