{
  "formatVersion": 3,
  "maps": [
    "map"
  ],
  "filtering": "pixelated",
  "wrapping": "clampToEdge",
  "pixelsPerUnit": 100,
  "framesPerSecond": 15,
  "opacity": null,
  "alphaTest": 0.1,
  "frameOrder": "rows",
  "grid": {
    "width": 128,
    "height": 64
  },
  "origin": {
    "x": 0.5,
    "y": 0.5
  },
  "animations": [
    {
      "id": "0",
      "name": "Flow",
      "startFrameIndex": 0,
      "endFrameIndex": 16,
      "speed": 3
    }
  ],
  "mapSlots": {
    "map": "map",
    "light": null,
    "specular": null,
    "alpha": null,
    "normal": null
  }
}